{
  "train_loss": [
    4.100198463712419,
    2.997058696474348,
    2.52325139100211,
    2.2127117775508336,
    2.0048676188332695,
    1.8376613476616996,
    1.7122485414232527,
    1.64650968510764,
    1.542736439704895,
    1.4563882804598127,
    1.4097018198285785,
    1.357808053289141,
    1.3164640964780534,
    1.2222495268412998,
    1.1758942540032522,
    1.1131142156464713,
    1.1127505818775723,
    1.0750575009754726,
    1.0294637409618923,
    1.0059739285877773,
    0.9719101042747498,
    0.9292637348175049,
    0.9023110491888864,
    0.8759417356763567,
    0.8662202407291957,
    0.8659763410431998,
    0.8289656536238534,
    0.8272454624176026,
    0.7892483290263584,
    0.7765076208114624,
    0.7589791314942497,
    0.7787641302517482,
    0.725972257069179,
    0.7117167032786778,
    0.6922146045821054,
    0.6727636519840785,
    0.6740976895945413,
    0.6528787796156748,
    0.6549298888274602,
    0.6232397938115256,
    0.6086324279648917,
    0.6163613220964159,
    0.6241469058309282,
    0.5944037795066833,
    0.5907874559674944,
    0.570606104850769,
    0.5659698590551104,
    0.5786081025259835,
    0.5787859920092991,
    0.5280364108085632,
    0.55024339226314,
    0.5280868328980037,
    0.5205594650336675,
    0.5080740435293742,
    0.5205982740265982,
    0.5274804876191276,
    0.4723434560639518,
    0.4891238508905683,
    0.5238595609324319,
    0.4800997981343951,
    0.4578204024178641,
    0.45967064247812545,
    0.4504278937067304,
    0.4539104830878122,
    0.42863281556538174,
    0.45284702355521067,
    0.47788962766102383,
    0.46044341468811034,
    0.41896664708001274,
    0.4317186884539468,
    0.4369417789322989,
    0.39080881660325184
  ],
  "train_acc": [
    7.6,
    20.67142857142857,
    30.228571428571428,
    37.114285714285714,
    41.77142857142857,
    45.285714285714285,
    48.785714285714285,
    50.67142857142857,
    53.08571428571429,
    55.94285714285714,
    56.8,
    58.371428571428574,
    59.41428571428571,
    61.8,
    63.42857142857143,
    64.9,
    64.88571428571429,
    66.21428571428571,
    67.15714285714286,
    67.67142857142858,
    68.81428571428572,
    69.71428571428571,
    71.51428571428572,
    72.02857142857142,
    72.0,
    72.1,
    73.65714285714286,
    73.4,
    74.32857142857142,
    74.8,
    74.75714285714285,
    74.95714285714286,
    76.51428571428572,
    76.72857142857143,
    77.64285714285714,
    77.72857142857143,
    78.45714285714286,
    78.25714285714285,
    78.25714285714285,
    79.51428571428572,
    79.95714285714286,
    79.75714285714285,
    79.74285714285715,
    80.48571428571428,
    80.48571428571428,
    81.25714285714285,
    81.51428571428572,
    81.24285714285715,
    81.5,
    82.81428571428572,
    81.72857142857143,
    82.81428571428572,
    82.97142857142858,
    83.5,
    83.37142857142857,
    83.02857142857142,
    84.51428571428572,
    83.94285714285714,
    83.31428571428572,
    84.92857142857143,
    84.94285714285714,
    84.64285714285714,
    85.52857142857142,
    85.24285714285715,
    86.25714285714285,
    85.24285714285715,
    83.92857142857143,
    84.8,
    86.35714285714286,
    85.98571428571428,
    86.01428571428572,
    87.1
  ],
  "eval_loss": [
    3.1818969383239746,
    2.590573640823364,
    2.084086042404175,
    2.0572846221923826,
    1.7063424921035766,
    1.6625261325836183,
    1.6297114419937133,
    1.4882939205169678,
    1.3856721096038818,
    1.468591362953186,
    1.5168474035263062,
    1.2444159212112427,
    1.3218092584609986,
    1.4502230815887451,
    1.1813764820098878,
    1.1542594728469848,
    1.1559996013641358,
    1.0992955465316772,
    1.0419321460723876,
    1.044233078956604,
    1.1049678173065185,
    1.2781062841415405,
    1.186002275466919,
    1.1380639772415162,
    1.3967736949920655,
    1.1971075410842895,
    1.1621365871429443,
    1.1410309801101683,
    1.2738111476898193,
    1.079374303817749,
    1.2338685369491578,
    1.1261802968978882,
    1.1269878978729249,
    1.1356839504241942,
    1.178194330215454,
    1.120488904953003,
    1.2019853229522706,
    1.345224802017212,
    1.0646277599334717,
    1.3143986825942993,
    1.1561261882781984,
    1.4150422582626343,
    1.2646696615219115,
    1.2939245824813843,
    1.2976023015975953,
    1.4825393180847168,
    1.3324602003097534,
    1.3714364128112793,
    1.302217740058899,
    1.2093863916397094,
    1.232262170791626,
    1.1655447597503663,
    1.2445748243331909,
    1.4689440383911132,
    1.277866885662079,
    1.1645562410354615,
    1.1018403100967407,
    1.3776428308486939,
    1.2545568180084228,
    1.3909915637969972,
    1.2589911623001098,
    1.27835306930542,
    1.1943276739120483,
    1.3017050647735595,
    1.3735811805725098,
    1.318237913131714,
    1.3314855709075928,
    1.3963168611526489,
    1.2388488841056824,
    1.3387106800079345,
    1.203064817428589,
    1.2673623847961426
  ],
  "eval_acc": [
    20.8,
    28.4,
    40.3,
    41.2,
    48.7,
    52.0,
    53.1,
    56.0,
    59.8,
    57.8,
    55.6,
    63.6,
    63.5,
    60.4,
    63.1,
    66.4,
    67.9,
    68.5,
    69.9,
    69.6,
    69.5,
    65.9,
    66.9,
    69.4,
    65.0,
    68.2,
    68.0,
    70.2,
    67.9,
    73.0,
    71.2,
    71.4,
    71.5,
    72.7,
    71.1,
    72.9,
    70.4,
    71.0,
    74.3,
    70.8,
    73.0,
    69.3,
    71.3,
    72.8,
    71.9,
    71.1,
    71.2,
    70.4,
    74.0,
    73.6,
    73.4,
    75.1,
    74.6,
    71.5,
    74.1,
    76.1,
    76.6,
    71.0,
    73.8,
    73.6,
    74.4,
    73.8,
    75.6,
    72.6,
    72.2,
    74.7,
    75.0,
    72.9,
    74.6,
    76.5,
    75.4,
    75.6
  ],
  "test_loss": [
    1.2922170991897584
  ],
  "test_acc": [
    74.2
  ],
  "eval_precision": [
    0.20345581714507255,
    0.3249776098329589,
    0.4135210269625834,
    0.4799224983070116,
    0.5369777360638345,
    0.5233863717070567,
    0.5602949560820253,
    0.657736546735794,
    0.6322069607229135,
    0.6468659469046676,
    0.6129150021016297,
    0.6589980678162567,
    0.6754751159716331,
    0.6359893536209831,
    0.6647752496159753,
    0.7247833070408448,
    0.7320985824348993,
    0.720809923779351,
    0.7367721792311577,
    0.7231005398969795,
    0.7271774436863444,
    0.6834420054284268,
    0.7138911019244357,
    0.730831678941973,
    0.6942963867855173,
    0.7323060988804797,
    0.727848246233981,
    0.7461746713692972,
    0.7271065317634655,
    0.7688267951518725,
    0.7566630994278053,
    0.7508221973245193,
    0.7678579665088953,
    0.7659051091704544,
    0.7357939801426642,
    0.7614932171801366,
    0.7368312142364001,
    0.7318035757933455,
    0.7738556280320986,
    0.747335836248375,
    0.7598372420063596,
    0.756647758095093,
    0.7625196886446887,
    0.7600883915104504,
    0.7592267229244785,
    0.7606461324435462,
    0.7530272557250112,
    0.7590888517800282,
    0.7594224609240091,
    0.7658632296066509,
    0.76595448995449,
    0.7831757280984969,
    0.7854546081937386,
    0.7623244861004149,
    0.7931310075982406,
    0.7986777351475493,
    0.7974947333368386,
    0.7571187639087255,
    0.7836500860250859,
    0.7866333741679716,
    0.78169052949974,
    0.7707909748490244,
    0.786450772782429,
    0.7678032074564581,
    0.7556421197481569,
    0.7765986308377613,
    0.777401759188524,
    0.7633689890690666,
    0.7741159515952557,
    0.7972470197295712,
    0.789875840147125,
    0.7958886490989903
  ],