{
  "train_loss": [
    4.0778051874978205,
    2.9715589152744837,
    2.4875913039616178,
    2.213086608341762,
    1.9962090391431535,
    1.830261132649013,
    1.7675906957898821,
    1.6095010147094726,
    1.5099614787782942,
    1.439945073400225,
    1.3676560446875436,
    1.311349730355399,
    1.2360484533309937,
    1.2257924987248012,
    1.1153849363327026,
    1.116733659335545,
    1.1216538141795567,
    1.0664980528695243,
    1.0383890258244106,
    0.975654485634395,
    0.9358262438774109,
    0.942756100654602,
    0.904093136378697,
    0.8706936274937221,
    0.8444196842057364,
    0.8337428706032889,
    0.8288486935751779,
    0.7828268953050886,
    0.772788168498448,
    0.7981743475369044,
    0.7596335819789342,
    0.747671970980508,
    0.7245887124197824,
    0.6971418119158064,
    0.6896543177877154,
    0.6853060207366943,
    0.657319018636431,
    0.6693122798374721,
    0.6111365502221243,
    0.620653126341956,
    0.6294897909845625,
    0.5772459297861372,
    0.5997772423199245,
    0.5758991312640054,
    0.5548550661291395,
    0.5905114692279271,
    0.5511949584143503,
    0.560724857534681,
    0.5615035584994725,
    0.5457425483294895,
    0.532673166002546,
    0.5291836801597051,
    0.5192877728598458,
    0.5174617617470878,
    0.5112482831818717,
    0.5242771604742322,
    0.48266193422249387,
    0.47038873270579745,
    0.4760792405945914,
    0.4782178142241069,
    0.4562293152127947,
    0.46195344383375986,
    0.4619001750264849,
    0.45898149594238824,
    0.43501254538127354,
    0.45015217101573946,
    0.4425126334599086,
    0.4118879062107631,
    0.43198670291900637,
    0.42612325024604797,
    0.42323931741714477,
    0.4216277736595699,
    0.4173197864123753
  ],
  "train_acc": [
    7.6571428571428575,
    20.84285714285714,
    30.87142857142857,
    36.2,
    42.47142857142857,
    45.785714285714285,
    47.642857142857146,
    51.55714285714286,
    53.642857142857146,
    55.371428571428574,
    57.628571428571426,
    59.08571428571429,
    61.02857142857143,
    61.542857142857144,
    65.18571428571428,
    64.68571428571428,
    63.92857142857143,
    66.07142857142857,
    66.74285714285715,
    68.87142857142857,
    70.22857142857143,
    69.85714285714286,
    71.48571428571428,
    71.2,
    72.74285714285715,
    73.35714285714286,
    73.21428571428571,
    74.3,
    74.31428571428572,
    74.9,
    75.14285714285714,
    75.81428571428572,
    76.44285714285714,
    77.14285714285714,
    77.57142857142857,
    77.9,
    78.6,
    78.32857142857142,
    79.92857142857143,
    79.41428571428571,
    79.24285714285715,
    80.84285714285714,
    80.41428571428571,
    80.91428571428571,
    81.58571428571429,
    80.75714285714285,
    81.68571428571428,
    81.61428571428571,
    82.31428571428572,
    82.2,
    82.7,
    82.71428571428571,
    83.0,
    83.1,
    83.9,
    82.5,
    83.72857142857143,
    84.71428571428571,
    84.8,
    84.71428571428571,
    84.6,
    84.91428571428571,
    85.18571428571428,
    85.1,
    85.44285714285714,
    85.44285714285714,
    85.78571428571429,
    86.98571428571428,
    86.01428571428572,
    85.88571428571429,
    86.11428571428571,
    85.81428571428572,
    86.62857142857143
  ],
  "eval_loss": [
    3.31970583152771,
    2.489186155319214,
    2.0565405893325805,
    1.6395339488983154,
    1.863028416633606,
    1.7167662410736084,
    1.4244115352630615,
    1.3994598846435546,
    1.4422657985687255,
    1.4432583751678467,
    1.3783895807266235,
    1.2493782968521119,
    1.2062071743011475,
    1.241017607688904,
    1.0968925409317016,
    1.159072961807251,
    1.4522074851989746,
    1.2881343803405763,
    1.3518693027496338,
    1.140477520942688,
    1.0792764081954955,
    1.2125075035095214,
    1.0722692203521729,
    1.0498250703811645,
    1.0577474184036255,
    1.1340667457580567,
    1.1192901821136474,
    1.222270686149597,
    1.0852023420333863,
    1.1658757209777832,
    1.2037162256240845,
    1.301880853652954,
    1.2865980463027955,
    1.1886146335601806,
    1.1600898160934447,
    1.2260611095428466,
    1.1903925876617432,
    1.290463568687439,
    1.1884894323349,
    1.1569852895736694,
    1.1358155145645141,
    1.1450314693450927,
    1.2196049375534057,
    1.078946117401123,
    1.3103413829803467,
    1.1951212034225465,
    1.3418891859054565,
    1.1914472255706787,
    1.2735025024414062,
    1.3357092790603637,
    1.2978980684280395,
    1.0516701335906982,
    1.2143615550994873,
    1.243250714302063,
    1.220883345603943,
    1.5674532232284546,
    0.9976144886016846,
    1.0954571790695191,
    1.303044418334961,
    1.306117250442505,
    1.12451940202713,
    1.1861470546722412,
    1.399377227783203,
    1.0918267879486083,
    1.2482807025909424,
    1.2688602876663209,
    1.4104272632598878,
    1.288505392074585,
    1.205817790031433,
    1.1749429292678832,
    1.224289038658142,
    1.1852723398208618,
    1.2580683727264403
  ],
  "eval_acc": [
    18.2,
    29.1,
    40.6,
    50.4,
    47.9,
    52.2,
    56.8,
    60.0,
    58.7,
    58.2,
    57.7,
    63.8,
    65.5,
    65.0,
    67.9,
    67.7,
    62.4,
    64.7,
    64.6,
    67.7,
    71.7,
    68.2,
    69.4,
    71.4,
    73.0,
    70.2,
    72.4,
    68.9,
    73.1,
    70.5,
    72.7,
    70.0,
    70.7,
    72.4,
    73.2,
    73.0,
    72.0,
    68.6,
    76.0,
    72.7,
    74.9,
    75.0,
    71.2,
    76.3,
    71.9,
    73.6,
    71.4,
    73.3,
    71.1,
    72.2,
    72.1,
    74.9,
    72.2,
    76.4,
    72.8,
    69.2,
    75.2,
    78.4,
    73.3,
    73.9,
    76.8,
    74.9,
    71.0,
    76.2,
    74.5,
    75.0,
    71.8,
    73.9,
    75.4,
    76.6,
    74.9,
    76.4,
    72.7
  ],
  "test_loss": [
    1.2788880162239076
  ],
  "test_acc": [
    72.55
  ],
  "eval_precision": [
    0.18529502489583163,
    0.3166572472783325,
    0.41163336773281883,
    0.5384214308000977,
    0.5175246145753112,
    0.5202700765721529,
    0.6052758736417708,
    0.6697387432768842,
    0.6298958465068957,
    0.6366604901332136,
    0.6527247326330762,
    0.6987469391012685,
    0.685006397592498,
    0.7076511844482257,
    0.7361867214742601,
    0.7174241310039028,
    0.6743732970747374,
    0.7075002000501596,
    0.6838955924250043,
    0.7397281022166925,
    0.7507952924268715,
    0.7272397853638263,
    0.7415810573155774,
    0.7593829490512927,
    0.7635625040164514,
    0.7442804489721788,
    0.757193535417186,
    0.7329973554290526,
    0.7667570559815141,
    0.7358689211257625,
    0.7676043046680516,
    0.738985870734013,
    0.7563248448411491,
    0.7617244536240416,
    0.7732343342931577,
    0.7590622996284759,
    0.7445778309581715,
    0.7397043661962392,
    0.7949271284271284,
    0.7544717284349639,
    0.7788748545280717,
    0.7926918623975596,
    0.7424017918356154,
    0.7871461822491236,
    0.7695055956050202,
    0.7756058106653072,
    0.757678158485821,
    0.7714798257298257,
    0.7517064866248302,
    0.7465865482986226,
    0.751208226958227,
    0.7829868756752387,
    0.7654210198556174,
    0.794699255246669,
    0.7744781147215357,
    0.7380511474830093,
    0.788297843453416,
    0.8118996098930309,
    0.7621772195382875,
    0.8070608710461653,
    0.807533384889964,
    0.7721109171616136,
    0.7588633413370255,
    0.7891868851336815,
    0.7707898759736994,
    0.7882917761004146,
    0.7703326669718311,
    0.7661390312044337,
    0.7877587187064742,
    0.7869345703316291,
    0.7758422590481413,
    0.802216085385203,
    0.7691617955282478
  ],