{
  "train_loss": [
    3.7734375302450998,
    2.2545780136925835,
    1.661817095211574,
    1.327268424306597,
    1.1455516112191337,
    0.9713926677022662,
    0.8791183670588902,
    0.7817489771161761,
    0.7240474576609476,
    0.6760722141947065,
    0.6324039081164768,
    0.581483146088464,
    0.5500772320202418,
    0.5200138092722212,
    0.48190423311506,
    0.46079066242490496,
    0.4338065007073539,
    0.4321324477536338,
    0.39460592166866576,
    0.372010287966047,
    0.353770927974156,
    0.35397669355358397,
    0.3768357881137303,
    0.321131479535784,
    0.3243188592706408,
    0.3151913308416094,
    0.30739797251565115,
    0.29448966693878176,
    0.2809714458840234,
    0.29435302369083677,
    0.27450368421418325,
    0.26473031098502026,
    0.2722509697164808,
    0.27413545392666544,
    0.2666349061897823,
    0.2692437126977103,
    0.2614846465076719
  ],
  "train_acc": [
    12.757142857142858,
    39.5,
    52.785714285714285,
    60.6,
    65.22857142857143,
    69.94285714285714,
    72.34285714285714,
    75.35714285714286,
    76.71428571428571,
    78.05714285714286,
    79.57142857142857,
    81.05714285714286,
    82.0,
    83.17142857142858,
    84.48571428571428,
    85.04285714285714,
    85.57142857142857,
    85.91428571428571,
    86.87142857142857,
    87.98571428571428,
    88.57142857142857,
    88.34285714285714,
    87.65714285714286,
    89.64285714285714,
    89.28571428571429,
    90.07142857142857,
    89.65714285714286,
    90.17142857142858,
    90.74285714285715,
    90.24285714285715,
    91.1,
    91.65714285714286,
    90.94285714285714,
    90.98571428571428,
    91.22857142857143,
    91.42857142857143,
    91.22857142857143
  ],
  "eval_loss": [
    2.646291368484497,
    1.5977209796905518,
    1.2379103145599366,
    0.9516819124221801,
    0.93212056016922,
    0.8540764555931092,
    0.8054860301017761,
    0.7434924359321594,
    0.7410764942169189,
    0.7307794346809388,
    0.7336790256500244,
    0.6808648257255554,
    0.6728923687934876,
    0.6389180884361267,
    0.6427436761856079,
    0.6660812544822693,
    0.6672880964279175,
    0.6413896660804749,
    0.6491871910095215,
    0.6229635167121887,
    0.6360873007774352,
    0.6035099430084229,
    0.683361572265625,
    0.695749587059021,
    0.7328320608139038,
    0.6709596419334412,
    0.8214533367156982,
    0.6809292979240418,
    0.7344369707107544,
    0.7236706309318542,
    0.7290870399475098,
    0.7031817502975464,
    0.7651800088882447,
    0.7331656637191772,
    0.8103932161331177,
    0.7492665104866028,
    0.8226737604141235
  ],
  "eval_acc": [
    33.3,
    53.5,
    62.5,
    71.4,
    72.3,
    71.8,
    74.7,
    76.8,
    75.1,
    77.4,
    76.6,
    77.8,
    79.0,
    78.5,
    80.0,
    78.9,
    79.3,
    80.8,
    80.4,
    80.7,
    81.2,
    82.5,
    81.0,
    80.9,
    81.2,
    82.2,
    79.5,
    82.2,
    80.6,
    81.0,
    80.9,
    82.2,
    80.4,
    82.2,
    80.1,
    80.9,
    79.7
  ],
  "test_loss": [
    0.7062108354568482
  ],
  "test_acc": [
    79.85
  ],
  "eval_precision": [
    0.34559994972956615,
    0.5737849520642628,
    0.6778310341475975,
    0.7232213303937443,
    0.7594054045369836,
    0.7510720877942745,
    0.7668591599319153,
    0.7960003460591696,
    0.7822949720072484,
    0.7963591277143908,
    0.7953904977031911,
    0.7943289531470309,
    0.8135451571375485,
    0.8018913167156201,
    0.8180724455283278,
    0.8037289662092293,
    0.8136637470940539,
    0.8254880340247988,
    0.8244496660460282,
    0.8188572954822955,
    0.8244731328612908,
    0.8381213786213786,
    0.8366191253370551,
    0.8351579917330691,
    0.8408434664750453,
    0.8302926474110685,
    0.8163795238222988,
    0.8399278678837502,
    0.8280397195683574,
    0.8334029116308527,
    0.8283976301476301,
    0.841537962037962,
    0.8252912487838958,
    0.8427762930653799,
    0.8334501576854518,
    0.8208456723015546,
    0.8227725800601188
  ],
  "eval_recall": [
    0.333,
    0.535,
    0.6250000000000001,
    0.7140000000000001,
    0.723,
    0.7180000000000001,
    0.7469999999999999,
    0.7680000000000001,
    0.7509999999999999,
    0.774,
    0.7660000000000001,
    0.7780000000000001,
    0.79,
    0.785,
    0.8,
    0.789,
    0.7930000000000001,
    0.8080000000000002,
    0.804,
    0.807,
    0.8119999999999998,
    0.825,
    0.81,
    0.809,
    0.812,
    0.8220000000000002,
    0.795,
    0.8220000000000001,
    0.8060000000000003,
    0.81,
    0.809,
    0.8220000000000002,
    0.804,
    0.8220000000000002,
    0.801,
    0.809,
    0.797
  ],
  "eval_f1": [
    0.2924867907190078,
    0.5107674916026133,
    0.6122013000029286,
    0.7003719199723035,
    0.7072384195294243,
    0.7012278602408195,
    0.735303979084621,
    0.7589904601962466,
    0.7401983006035906,
    0.7644554254922017,
    0.756412961285844,
    0.770188892504774,
    0.785075442930262,
    0.7793773307943485,
    0.7901105337594805,
    0.7786175952487936,
    0.7839543769034144,
    0.804011892857047,
    0.7971904044162591,
    0.7999316385888835,
    0.8039693867520259,
    0.8216167853175527,
    0.8025924519292599,
    0.8050940447777098,
    0.8057157276753909,
    0.8169296093857709,
    0.7838618583976246,
    0.8164362041340302,
    0.8013624088309661,
    0.8041133329309598,
    0.8023821611690235,
    0.816098238915971,
    0.7929441136788559,
    0.8164371039729817,
    0.7964809814719763,
    0.8047368577878201,
    0.7928044295026626
  ],
  "test_precision": 0.8245743102880784,
  "test_recall": 0.7985000000000001,
  "test_f1": 0.7993592894934382
}