{
  "train_loss": [
    4.374423676627023,
    3.3971746294839043,
    2.9203376301356725,
    2.6130971829550607,
    2.375705422810146,
    2.201484147480556,
    2.076674111230033,
    1.9427068482807703,
    1.8782950845445905,
    1.7963366911751883,
    1.7335450927189417,
    1.650790410586766,
    1.5668136107581003,
    1.50834180859157,
    1.482923559325082,
    1.4402277183532715,
    1.4111972477776664,
    1.319374775477818,
    1.3352404059001377,
    1.2897372469220842,
    1.232689876147679,
    1.2030090624945504,
    1.1629707273074559,
    1.1380198760713849,
    1.1103240352358137,
    1.1173096640450615,
    1.1084288252421788,
    1.0738685101100376,
    1.0304323152814592,
    0.9895028064591544,
    0.9834803369385856,
    0.9503281578336443,
    0.9200567955970764,
    0.9292965863772801,
    0.9052634595462254,
    0.9197675761495318,
    0.8760025074822562,
    0.8553933897018433,
    0.8403004004614694,
    0.8316467474528721,
    0.8045587652751378,
    0.8134040164266314,
    0.8118094934054784,
    0.7809084166799273,
    0.7715788386208671,
    0.7516529447691781,
    0.7452171415601457,
    0.7288723173141479,
    0.7164937477111817,
    0.7210063224520002,
    0.7023708342824664,
    0.7373955546787807,
    0.7047170201029096,
    0.6993356195858547,
    0.6723322057042803,
    0.6905020120484489,
    0.6668350245612008,
    0.6767588989394052,
    0.6573514490127563,
    0.6530821924890791,
    0.6269251796858651,
    0.6052649493898664,
    0.6549929516656058,
    0.6082072127205985,
    0.602433443069458,
    0.5827290092876979,
    0.5842827504362379,
    0.5801368033885956,
    0.5699707106862749,
    0.5833813410827092
  ],
  "train_acc": [
    5.171428571428572,
    16.52857142857143,
    24.2,
    30.685714285714287,
    34.77142857142857,
    39.357142857142854,
    42.214285714285715,
    45.142857142857146,
    46.5,
    47.628571428571426,
    49.84285714285714,
    51.98571428571429,
    53.614285714285714,
    55.27142857142857,
    55.67142857142857,
    57.114285714285714,
    57.6,
    59.9,
    59.42857142857143,
    60.81428571428572,
    62.6,
    63.07142857142857,
    64.21428571428571,
    65.4,
    65.8,
    65.41428571428571,
    65.8,
    66.95714285714286,
    68.05714285714286,
    69.04285714285714,
    69.08571428571429,
    70.22857142857143,
    70.82857142857142,
    70.95714285714286,
    71.87142857142857,
    71.15714285714286,
    72.92857142857143,
    73.31428571428572,
    73.62857142857143,
    73.22857142857143,
    74.24285714285715,
    74.51428571428572,
    74.37142857142857,
    75.27142857142857,
    76.15714285714286,
    76.47142857142858,
    76.71428571428571,
    77.04285714285714,
    77.44285714285714,
    77.18571428571428,
    77.92857142857143,
    76.88571428571429,
    78.11428571428571,
    78.21428571428571,
    78.91428571428571,
    78.51428571428572,
    78.68571428571428,
    78.78571428571429,
    78.95714285714286,
    79.34285714285714,
    80.12857142857143,
    80.35714285714286,
    79.61428571428571,
    80.85714285714286,
    80.92857142857143,
    81.34285714285714,
    81.5,
    81.95714285714286,
    82.12857142857143,
    81.5
  ],
  "eval_loss": [
    3.6997691841125486,
    3.045556402206421,
    2.3896651191711427,
    2.1136853141784666,
    2.034472343444824,
    1.8628141717910767,
    1.785197244644165,
    1.6248553714752196,
    1.709611075401306,
    1.5317519693374633,
    1.7052728881835937,
    1.5623735790252686,
    1.4292236938476564,
    1.518273488998413,
    1.299347583770752,
    1.3900529499053955,
    1.323634744644165,
    1.409869150161743,
    1.289644660949707,
    1.3931875658035278,
    1.4252225198745727,
    1.2946642351150512,
    1.2671818294525146,
    1.2129039115905762,
    1.2035892858505248,
    1.2138080158233642,
    1.2220060348510742,
    1.3158645277023315,
    1.27196941947937,
    1.3697065353393554,
    1.145969638824463,
    1.2635797338485717,
    1.274249990463257,
    1.220183253288269,
    1.2005848569869995,
    1.2468042736053466,
    1.2469691562652587,
    1.2091894664764404,
    1.369606987953186,
    1.2187507181167603,
    1.3605048866271974,
    1.2634320878982543,
    1.289058666229248,
    1.2489087390899658,
    1.3467242240905761,
    1.4099318370819092,
    1.318421236038208,
    1.309420720100403,
    1.2093849601745605,
    1.2634390964508058,
    1.2935127592086793,
    1.302080249786377,
    1.3862016935348511,
    1.3059804391860963,
    1.2602333765029907,
    1.340926917076111,
    1.3168893737792968,
    1.3808548460006713,
    1.5290418405532837,
    1.465176459312439,
    1.3796327857971191,
    1.4632106771469116,
    1.502417405128479,
    1.4652369632720947,
    1.5000709714889526,
    1.4241215076446534,
    1.44774485206604,
    1.5978948612213135,
    1.4789133405685424,
    1.4464166078567504
  ],
  "eval_acc": [
    13.1,
    21.5,
    32.8,
    39.4,
    41.9,
    44.7,
    47.4,
    52.6,
    49.8,
    53.8,
    50.4,
    54.7,
    60.6,
    56.4,
    61.1,
    59.7,
    60.5,
    59.3,
    63.8,
    61.1,
    60.8,
    64.2,
    64.2,
    65.3,
    66.5,
    64.9,
    65.8,
    64.1,
    65.1,
    62.7,
    68.5,
    66.5,
    65.9,
    67.5,
    68.3,
    66.6,
    67.8,
    67.7,
    65.7,
    67.9,
    65.5,
    68.1,
    68.1,
    69.2,
    67.3,
    65.9,
    67.7,
    69.1,
    70.1,
    68.4,
    69.2,
    66.3,
    70.0,
    69.8,
    70.8,
    68.6,
    70.1,
    68.5,
    67.3,
    68.0,
    68.3,
    68.0,
    68.2,
    68.7,
    68.3,
    68.6,
    68.0,
    66.3,
    68.3,
    70.4
  ],
  "test_loss": [
    1.4699200611114502
  ],
  "test_acc": [
    67.95
  ],
  "eval_precision": [
    0.13845240362751762,
    0.19930238154801797,
    0.3429541663363264,
    0.4602723751810267,
    0.46556943156326935,
    0.47376180651866817,
    0.536908009603056,
    0.5833775671022255,
    0.5816339448703832,
    0.5769959183694453,
    0.5696260054414853,
    0.5969336230808024,
    0.6315085099569169,
    0.6295003105339793,
    0.6509329553137868,
    0.6390862215621235,
    0.656035731550572,
    0.6478841168141785,
    0.668694707485497,
    0.6544790602915603,
    0.6434419371815924,
    0.6961082062166157,
    0.7005845252478884,
    0.6729084159304748,
    0.7198296405334483,
    0.6873425522880368,
    0.6966087971504497,
    0.7104042923244213,
    0.7142023979288684,
    0.6685337349441065,
    0.6990930574413546,
    0.7089414137333254,
    0.7081354404065384,
    0.7223140390209728,
    0.7184001792840803,
    0.7005713710639685,
    0.7185978475428939,
    0.7091857903243016,
    0.6910467511131126,
    0.7147419796432974,
    0.7025790938744659,
    0.7258784970762525,
    0.7178098020400651,
    0.7063919215552847,
    0.7080043134782836,
    0.6928152779882656,
    0.7141388654935619,
    0.7412518363652771,
    0.7278260815981403,
    0.7154266985164817,
    0.7273559473703335,
    0.7026840281751272,
    0.7446561905157105,
    0.7162044098626579,
    0.7403896887426299,
    0.7347874344381782,
    0.7235637400039573,
    0.731385102131741,
    0.7275325645027724,
    0.7108022692186442,
    0.7102969184579224,
    0.7163577720009608,
    0.7186017585355822,
    0.7056450684105482,
    0.71224137154622,
    0.7204398673125203,
    0.7068441851406249,
    0.7086977983559791,
    0.7075873364681413,
    0.7378369567309196
  ],