{
  "train_loss": [
    4.358385341926899,
    3.260712151192732,
    2.459733017776709,
    1.9796659644664085,
    1.6735961391815684,
    1.4263112841785204,
    1.2270684531154072,
    1.10938227555676,
    0.9542488912014312,
    0.8246848036875322,
    0.8127726664890697,
    0.7054198777954522,
    0.6403048485964448,
    0.604241801009038,
    0.5763725193231922,
    0.5279709929538903,
    0.48564843144256625,
    0.4772394187234445,
    0.4374701919745884,
    0.4185491512385971,
    0.4117530896303249,
    0.39640440185340353,
    0.3864428930176756,
    0.37819592229883403,
    0.30233328629913053,
    0.33362281898144985,
    0.3589410393375369,
    0.2763715738136753,
    0.3049099305896038,
    0.2750342489316854,
    0.23511557027152288,
    0.22253891772098378,
    0.2355171969382793,
    0.22566560956179632,
    0.2122111120979158,
    0.239463472983006,
    0.21402591978656224,
    0.2145998989956495,
    0.20280408805619476,
    0.2805437499011437,
    0.20537215898547548,
    0.22877027623547574,
    0.19213762886075825,
    0.192662241434579,
    0.22531188706223237,
    0.2175297944571311,
    0.1853681286809777,
    0.1910542990715116,
    0.2050921705489432,
    0.16673305188878323,
    0.16881880263480048,
    0.1788187632722703,
    0.1797497734811825
  ],
  "train_acc": [
    4.919016196760648,
    20.245950809838032,
    37.28254349130174,
    46.67066586682663,
    54.13917216556688,
    59.868026394721056,
    64.09718056388722,
    68.62627474505099,
    72.31553689262148,
    76.75464907018596,
    76.21475704859029,
    79.39412117576485,
    80.68386322735454,
    82.90341931613678,
    82.27354529094181,
    84.49310137972405,
    85.99280143971205,
    85.18296340731854,
    87.82243551289741,
    88.45230953809238,
    87.7624475104979,
    87.88242351529694,
    88.39232153569286,
    88.9622075584883,
    90.76184763047391,
    90.0119976004799,
    89.26214757048591,
    92.11157768446311,
    91.03179364127175,
    91.84163167366526,
    92.92141571685663,
    93.64127174565087,
    92.83143371325735,
    92.98140371925615,
    93.61127774445112,
    92.83143371325735,
    93.40131973605278,
    93.40131973605278,
    94.15116976604679,
    91.21175764847031,
    93.73125374925014,
    92.4115176964607,
    94.30113977204559,
    94.03119376124775,
    92.89142171565688,
    93.5512897420516,
    94.42111577684463,
    94.18116376724655,
    94.12117576484702,
    95.35092981403719,
    94.63107378524295,
    94.27114577084583,
    94.39112177564488
  ],
  "eval_loss": [
    3.874289244601149,
    2.7152050544362223,
    2.212675857536792,
    1.9368689962596533,
    1.5519957758090606,
    1.4474345412549048,
    1.3013788206581594,
    1.1824448285984843,
    1.1555188114833375,
    1.0855109129014975,
    1.132896945922181,
    1.0561248118137763,
    1.0374194677128936,
    1.0561476239133731,
    1.0398678358587243,
    0.9929825448230727,
    0.9959724586101586,
    1.0056839040057226,
    0.9578409274973527,
    0.9838497298206612,
    0.9815486074745781,
    1.0408146348663128,
    1.0445098408190223,
    1.0433237102389015,
    1.0079961892853369,
    1.028037033460983,
    1.0868983582453509,
    1.0309972044135263,
    1.100779002112667,
    1.0690916358967453,
    1.060361741305721,
    1.0454551565306898,
    1.0573324985039902,
    1.0787873386737645,
    1.098110418893037,
    1.0719130281275129,
    1.103653257377971,
    1.0599257789167724,
    1.12589326457973,
    1.1235030603455645,
    1.1363822314723377,
    1.1568781335427665,
    1.1105837703640848,
    1.124832355858523,
    1.159014866264029,
    1.1762246249813364,
    1.118445445993843,
    1.1593260041209195,
    1.2012725149245278,
    1.1774756005774327,
    1.1679963486157625,
    1.1919666778373355,
    1.1316869481327836
  ],
  "eval_acc": [
    8.58085808580858,
    28.742874287428744,
    38.463846384638465,
    46.41464146414641,
    54.18541854185418,
    57.87578757875787,
    60.816081608160815,
    64.23642364236423,
    65.13651365136514,
    66.45664566456645,
    66.42664266426642,
    68.13681368136814,
    69.51695169516951,
    68.37683768376837,
    68.8868886888689,
    70.77707770777077,
    71.01710171017102,
    70.53705370537054,
    71.58715871587158,
    71.01710171017102,
    71.88718871887188,
    70.8970897089709,
    70.8970897089709,
    70.80708070807081,
    72.15721572157216,
    71.31713171317132,
    70.71707170717072,
    72.12721272127213,
    70.14701470147014,
    71.55715571557155,
    72.39723972397239,
    72.21722172217221,
    72.007200720072,
    71.58715871587158,
    72.18721872187218,
    72.54725472547254,
    71.7071707170717,
    73.02730273027302,
    71.58715871587158,
    71.91719171917191,
    71.7071707170717,
    71.1971197119712,
    72.0972097209721,
    72.0972097209721,
    71.64716471647165,
    71.85718571857186,
    72.84728472847284,
    72.06720672067206,
    71.67716771677168,
    72.60726072607261,
    72.24722472247225,
    72.54725472547254,
    72.36723672367236
  ],
  "test_loss": [
    1.1016196422021811
  ],
  "test_acc": [
    74.1074107410741
  ],
  "eval_precision": [
    0.10453723572280546,
    0.34324466445718554,
    0.44253042142142773,
    0.5245692654668,
    0.6017085699063488,
    0.6173656348273753,
    0.6382361642877682,
    0.6704458755026776,
    0.6907959342293328,
    0.6863054304528622,
    0.7075212056074891,
    0.7120853050607451,
    0.7306282897812614,
    0.7226277487620879,
    0.71864609571429,
    0.731674414127088,
    0.7417928315881028,
    0.7246648012086433,
    0.73602943105481,
    0.7388043926002819,
    0.7379752720549955,
    0.7408625046106769,
    0.7480510750529962,
    0.7257083031424902,
    0.7398276626830709,
    0.7334158336986272,
    0.7487704273792669,
    0.7427690517353267,
    0.7336625139249557,
    0.738254735954459,
    0.7515956255458681,
    0.7460017366881145,
    0.7485433227176779,
    0.7379412162239841,
    0.7500912378066973,
    0.7389647866390118,
    0.7451901836914504,
    0.7508385961713532,
    0.7375180641407547,
    0.7367997442707537,
    0.7373907329801166,
    0.7391792023588917,
    0.7406466970310251,
    0.7400219266797334,
    0.7406868093868749,
    0.7400981239160807,
    0.7417631521023363,
    0.735109054835926,
    0.7367801664418215,
    0.7431916797232908,
    0.7359450500033353,
    0.752555699307072,
    0.7435651391720556
  ],
  "eval_recall": [
    0.0862121212121212,
    0.288475935828877,
    0.3856238859180035,
    0.46491087344028514,
    0.542754010695187,
    0.5790641711229947,
    0.6086096256684492,
    0.642620320855615,
    0.6521836007130125,
    0.6650534759358289,
    0.6647326203208554,
    0.6817290552584668,
    0.6954812834224597,
    0.6841622103386809,
    0.6893761140819964,
    0.7081283422459893,
    0.7104901960784312,
    0.7060160427807486,
    0.7162388591800355,
    0.7105169340463456,
    0.7192245989304812,
    0.7094563279857397,
    0.7093226381461676,
    0.7083422459893047,
    0.721675579322638,
    0.7137344028520498,
    0.7075401069518716,
    0.7215597147950089,
    0.7018181818181819,
    0.7161408199643493,
    0.7246702317290553,
    0.7225579322638146,
    0.7204367201426024,
    0.7161764705882352,
    0.7221836007130125,
    0.7258377896613192,
    0.717433155080214,
    0.730650623885918,
    0.7163279857397504,
    0.7197058823529412,
    0.7175579322638146,
    0.7123172905525845,
    0.7213903743315506,
    0.7210606060606061,
    0.7168270944741532,
    0.7191800356506238,
    0.7289661319073084,
    0.72126559714795,
    0.7172549019607843,
    0.7264527629233511,
    0.7230659536541889,
    0.7260338680926915,
    0.7240819964349376
  ],