{
  "train_loss": [
    4.628886600847936,
    3.6747674593041597,
    3.153943474019582,
    2.812161791589207,
    2.569035106314537,
    2.3473922545565196,
    2.2011952551811413,
    2.1821117536994463,
    1.9945922329101151,
    1.868592091713684,
    1.7547599039323758,
    1.7216093053915005,
    1.6409261376827722,
    1.5678707500668292,
    1.5333167920229889,
    1.4816729604089482,
    1.3735844749280202,
    1.3213849523572343,
    1.2528060242739278,
    1.2354084995598156,
    1.2175226736440585,
    1.1626923775057916,
    1.1838494391947645,
    1.0997577290657972,
    1.0801661151143414,
    1.0251132725382108,
    0.9563971607000011,
    1.052147708256658,
    0.9704974532914005,
    0.9869280069547995,
    1.0024917604112311,
    0.9144877620850341,
    0.8873360505272831,
    0.8534299066557309,
    0.8336711693610985,
    0.8093023561187039,
    0.7664152692375458,
    0.7570456692610377,
    0.7588667217027519,
    0.7064975271270743,
    0.7558840712030704,
    0.7388747197357423,
    0.6534315154591076,
    0.7363346151484653,
    0.6650087230564522,
    0.6767942293647098,
    0.6309640666433058,
    0.604446483430708,
    0.6317508297189668,
    0.6226357308847145,
    0.6754434819198613,
    0.5617896013797652,
    0.61852278527773,
    0.5962509373811883,
    0.5844504836439443,
    0.5610440807136576,
    0.6071886695747112,
    0.5191172768988149,
    0.5243066574508871,
    0.5034609428765034,
    0.648792613657492,
    0.503035090394412,
    0.4712646343640818,
    0.5442284818316335,
    0.5296068022225385,
    0.5042398615232397,
    0.5006553888964524,
    0.5100531665307716,
    0.4712640783997017,
    0.46337437758419997,
    0.4520727204361145,
    0.5367126385823795,
    0.45751609785083386,
    0.5098968380643139,
    0.5118001046549723,
    0.6157758769763038,
    0.5090223403483289,
    0.5419694180251169
  ],
  "train_acc": [
    3.4193161367726455,
    11.247750449910018,
    20.00599880023995,
    24.625074985003,
    31.16376724655069,
    34.313137372525496,
    36.23275344931014,
    38.18236352729454,
    42.32153569286143,
    44.57108578284343,
    49.22015596880624,
    50.08998200359928,
    51.52969406118776,
    52.54949010197961,
    53.98920215956809,
    55.03899220155969,
    57.73845230953809,
    59.68806238752249,
    60.97780443911218,
    61.87762447510498,
    63.61727654469106,
    63.497300539892024,
    63.19736052789442,
    65.92681463707258,
    66.46670665866827,
    68.41631673665267,
    70.4859028194361,
    68.08638272345532,
    69.64607078584284,
    69.67606478704259,
    69.01619676064787,
    71.59568086382724,
    72.13557288542292,
    73.78524295140971,
    74.26514697060588,
    74.59508098380324,
    76.30473905218956,
    76.21475704859029,
    76.54469106178765,
    77.83443311337733,
    76.75464907018596,
    77.4745050989802,
    79.99400119976005,
    77.23455308938212,
    79.4241151769646,
    79.60407918416317,
    80.0239952009598,
    81.10377924415117,
    80.08398320335932,
    80.20395920815837,
    79.69406118776244,
    82.36352729454109,
    80.80383923215356,
    80.9238152369526,
    82.60347930413917,
    81.9736052789442,
    81.61367726454709,
    83.4133173365327,
    83.32333533293341,
    84.04319136172765,
    80.71385722855429,
    84.22315536892621,
    85.27294541091781,
    83.26334733053389,
    84.1631673665267,
    85.33293341331733,
    84.43311337732453,
    84.19316136772646,
    85.69286142771446,
    85.3629274145171,
    85.54289142171565,
    83.83323335332933,
    85.57288542291542,
    84.1631673665267,
    85.03299340131974,
    82.48350329934013,
    84.19316136772646,
    83.89322135572885
  ],
  "eval_loss": [
    4.432302599299465,
    3.449141585215269,
    2.76441154968549,
    2.6503572420354296,
    2.6130923278475535,
    2.431221361422088,
    2.201064293802303,
    2.085479883059631,
    2.041074114172372,
    1.8239282775025378,
    1.8407487475832698,
    1.8250804060872812,
    1.7087713249077745,
    2.214161906243846,
    1.906886482089892,
    1.7347112920748877,
    1.8239726726118863,
    1.899048838864463,
    1.9476173227251095,
    1.9324956960278121,
    1.7083815613014361,
    1.7470263545081453,
    1.7339514625025982,
    1.622376271962756,
    1.707426244683034,
    1.9191566547974073,
    1.745894767973402,
    1.8676838526184267,
    1.8655796583921853,
    1.9240406952550237,
    2.1600738667457975,
    1.8189753923300254,
    1.8161993578831928,
    1.8005608045237578,
    1.780795329067931,
    1.759221488417107,
    1.7957445465526989,
    1.8163218678671285,
    1.9090819816456304,
    1.9065836970955625,
    2.0303919576779075,
    1.7832200625576604,
    1.9020907467204888,
    1.8785408116360702,
    1.909780634042382,
    1.7855230931526829,
    1.9450724303965725,
    1.9544055955940365,
    2.202252185929895,
    2.0914919463101134,
    2.1078184362195773,
    1.9291454056563444,
    2.0928758964581853,
    1.8915131618619465,
    1.9757751716446705,
    2.1156276382982035,
    2.0961531607857204,
    1.957855573222426,
    2.11927604241067,
    2.040622437318726,
    2.148128290100852,
    1.9908020041034657,
    2.0188156759238973,
    2.253879391179839,
    2.26073824892817,
    2.0720402318822204,
    2.0235012136142676,
    2.1007890630982304,
    2.208262259106521,
    2.1545768583758838,
    2.2482985290962763,
    2.2313250447107893,
    2.144564738336748,
    2.177800314482765,
    2.5670208423145664,
    2.3418439565505302,
    2.1053999501305007,
    2.1364507781627524
  ],
  "eval_acc": [
    6.240624062406241,
    15.841584158415841,
    25.202520252025202,
    27.422742274227424,
    29.972997299729972,
    35.88358835883589,
    40.324032403240324,
    41.73417341734174,
    42.66426642664266,
    48.544854485448546,
    48.244824482448244,
    49.204920492049204,
    51.87518751875187,
    46.144614461446146,
    51.33513351335134,
    53.915391539153916,
    53.22532253225322,
    51.78517851785178,
    52.02520252025202,
    52.26522652265226,
    56.43564356435643,
    56.52565256525653,
    58.20582058205821,
    58.565856585658565,
    57.515751575157516,
    53.22532253225322,
    57.81578157815782,
    57.78577857785778,
    57.06570657065706,
    55.595559555955596,
    53.195319531953196,
    57.755775577557756,
    60.03600360036003,
    59.4959495949595,
    59.195919591959196,
    59.73597359735974,
    60.03600360036003,
    60.426042604260424,
    59.285928592859285,
    59.10591059105911,
    59.4959495949595,
    62.19621962196219,
    59.525952595259525,
    61.65616561656166,
    61.71617161716171,
    61.41614161416142,
    60.36603660366037,
    60.51605160516051,
    58.59585958595859,
    58.20582058205821,
    58.235823582358236,
    60.966096609660966,
    61.056105610561055,
    62.826282628262824,
    61.626162616261624,
    61.95619561956195,
    60.06600660066007,
    62.46624662466247,
    60.30603060306031,
    61.776177617761775,
    60.21602160216022,
    63.18631863186319,
    63.39633963396339,
    61.11611161116112,
    59.07590759075907,
    62.04620462046205,
    61.98619861986199,
    60.246024602460245,
    60.966096609660966,
    62.406240624062406,
    60.906090609060904,
    60.666066606660664,
    62.736273627362735,
    61.98619861986199,
    57.455745574557454,
    59.40594059405941,
    63.0963096309631,
    62.91629162916291
  ],
  "test_loss": [
    2.12266643648923
  ],
  "test_acc": [
    62.886288628862886
  ],